"HITId","HITTypeId","Title","Description","Keywords","Reward","CreationTime","MaxAssignments","RequesterAnnotation","AssignmentDurationInSeconds","AutoApprovalDelayInSeconds","Expiration","NumberOfSimilarHITs","LifetimeInSeconds","AssignmentId","WorkerId","AssignmentStatus","AcceptTime","SubmitTime","AutoApprovalTime","ApprovalTime","RejectionTime","RequesterFeedback","WorkTimeInSeconds","LifetimeApprovalRate","Last30DaysApprovalRate","Last7DaysApprovalRate","Answer.doNotRedirect","Answer.surveycode","Approve","Reject"
"344M16OZKHEKN0WPSSBLTVJ1637NEK","36R4ILE2G93499ITDY6UQ90TUNEFHB","How does information change thinking?","Unlike machines, people are really good at incorporating new information and adapting their thinking. You'll answer a couple of basic questions, read brief write-ups (5-6 paragraphs), and then be asked to write short responses.","stories, analogies, short answer responses,","$2.00","Wed Dec 20 20:50:47 PST 2017","100","BatchId:3058260;OriginalHitTemplateId:920937340;","28800","259200","Fri Dec 22 20:50:47 PST 2017","","","30JNVC0OR9JKWRXDONG96C76TWMQHY","A13HZKB2NGZP6B","Approved","Wed Dec 20 20:55:30 PST 2017","Wed Dec 20 21:56:45 PST 2017","Sat Dec 23 21:56:45 PST 2017","Fri Dec 22 19:17:20 PST 2017","","","3675","100% (1/1)","0% (0/0)","0% (0/0)","","196402631"
"344M16OZKHEKN0WPSSBLTVJ1637NEK","36R4ILE2G93499ITDY6UQ90TUNEFHB","How does information change thinking?","Unlike machines, people are really good at incorporating new information and adapting their thinking. You'll answer a couple of basic questions, read brief write-ups (5-6 paragraphs), and then be asked to write short responses.","stories, analogies, short answer responses,","$2.00","Wed Dec 20 20:50:47 PST 2017","100","BatchId:3058260;OriginalHitTemplateId:920937340;","28800","259200","Fri Dec 22 20:50:47 PST 2017","","","3KAKFY4PGU1SLL2VWUMYTGFAJHNI3G","A13JDX06ZXN4KJ","Approved","Wed Dec 20 20:54:36 PST 2017","Wed Dec 20 21:00:05 PST 2017","Sat Dec 23 21:00:05 PST 2017","Fri Dec 22 19:17:27 PST 2017","","","329","100% (1/1)","0% (0/0)","0% (0/0)","","131712369"
"344M16OZKHEKN0WPSSBLTVJ1637NEK","36R4ILE2G93499ITDY6UQ90TUNEFHB","How does information change thinking?","Unlike machines, people are really good at incorporating new information and adapting their thinking. You'll answer a couple of basic questions, read brief write-ups (5-6 paragraphs), and then be asked to write short responses.","stories, analogies, short answer responses,","$2.00","Wed Dec 20 20:50:47 PST 2017","100","BatchId:3058260;OriginalHitTemplateId:920937340;","28800","259200","Fri Dec 22 20:50:47 PST 2017","","","36TFCYNS44945OYPA1B10K3ZQZ9HXM","A13PXTFOXDCKBF","Approved","Wed Dec 20 20:54:16 PST 2017","Wed Dec 20 21:05:16 PST 2017","Sat Dec 23 21:05:16 PST 2017","Fri Dec 22 19:17:23 PST 2017","","","660","100% (1/1)","0% (0/0)","0% (0/0)","","6710413983"
"344M16OZKHEKN0WPSSBLTVJ1637NEK","36R4ILE2G93499ITDY6UQ90TUNEFHB","How does information change thinking?","Unlike machines, people are really good at incorporating new information and adapting their thinking. You'll answer a couple of basic questions, read brief write-ups (5-6 paragraphs), and then be asked to write short responses.","stories, analogies, short answer responses,","$2.00","Wed Dec 20 20:50:47 PST 2017","100","BatchId:3058260;OriginalHitTemplateId:920937340;","28800","259200","Fri Dec 22 20:50:47 PST 2017","","","3EFE17QCRC4W97CQGR5E1CM7BK7HSE","A14ADQ7RUN6TDY","Approved","Wed Dec 20 20:53:38 PST 2017","Wed Dec 20 21:05:17 PST 2017","Sat Dec 23 21:05:17 PST 2017","Fri Dec 22 19:17:25 PST 2017","","","699","100% (1/1)","0% (0/0)","0% (0/0)","","3044911436"
"344M16OZKHEKN0WPSSBLTVJ1637NEK","36R4ILE2G93499ITDY6UQ90TUNEFHB","How does information change thinking?","Unlike machines, people are really good at incorporating new information and adapting their thinking. You'll answer a couple of basic questions, read brief write-ups (5-6 paragraphs), and then be asked to write short responses.","stories, analogies, short answer responses,","$2.00","Wed Dec 20 20:50:47 PST 2017","100","BatchId:3058260;OriginalHitTemplateId:920937340;","28800","259200","Fri Dec 22 20:50:47 PST 2017","","","3F1567XTNW4RHLFUQBSHTV9IAJEQ98","A16JMJHOUC2MGE","Approved","Wed Dec 20 20:54:34 PST 2017","Wed Dec 20 21:06:32 PST 2017","Sat Dec 23 21:06:32 PST 2017","Fri Dec 22 19:17:25 PST 2017","","","718","100% (1/1)","0% (0/0)","0% (0/0)","","3174410178"
"344M16OZKHEKN0WPSSBLTVJ1637NEK","36R4ILE2G93499ITDY6UQ90TUNEFHB","How does information change thinking?","Unlike machines, people are really good at incorporating new information and adapting their thinking. You'll answer a couple of basic questions, read brief write-ups (5-6 paragraphs), and then be asked to write short responses.","stories, analogies, short answer responses,","$2.00","Wed Dec 20 20:50:47 PST 2017","100","BatchId:3058260;OriginalHitTemplateId:920937340;","28800","259200","Fri Dec 22 20:50:47 PST 2017","","","3OE22WJIGINP1D3XOMN8PRWWN4OUQ3","A18XFOKU5G1OL1","Approved","Wed Dec 20 20:52:54 PST 2017","Wed Dec 20 21:22:44 PST 2017","Sat Dec 23 21:22:44 PST 2017","Fri Dec 22 19:17:28 PST 2017","","","1790","100% (1/1)","0% (0/0)","0% (0/0)","","2568353456"
"344M16OZKHEKN0WPSSBLTVJ1637NEK","36R4ILE2G93499ITDY6UQ90TUNEFHB","How does information change thinking?","Unlike machines, people are really good at incorporating new information and adapting their thinking. You'll answer a couple of basic questions, read brief write-ups (5-6 paragraphs), and then be asked to write short responses.","stories, analogies, short answer responses,","$2.00","Wed Dec 20 20:50:47 PST 2017","100","BatchId:3058260;OriginalHitTemplateId:920937340;","28800","259200","Fri Dec 22 20:50:47 PST 2017","","","3IHR8NYAM705K38393H1CI8SJVF4P0","A1935KYSE7C33V","Approved","Wed Dec 20 20:55:27 PST 2017","Wed Dec 20 20:58:42 PST 2017","Sat Dec 23 20:58:42 PST 2017","Fri Dec 22 19:17:26 PST 2017","","","195","100% (1/1)","0% (0/0)","0% (0/0)","","9417162598"
"344M16OZKHEKN0WPSSBLTVJ1637NEK","36R4ILE2G93499ITDY6UQ90TUNEFHB","How does information change thinking?","Unlike machines, people are really good at incorporating new information and adapting their thinking. You'll answer a couple of basic questions, read brief write-ups (5-6 paragraphs), and then be asked to write short responses.","stories, analogies, short answer responses,","$2.00","Wed Dec 20 20:50:47 PST 2017","100","BatchId:3058260;OriginalHitTemplateId:920937340;","28800","259200","Fri Dec 22 20:50:47 PST 2017","","","3NQL1CS15R7YNUJJKME7YZ1H0KEYVZ","A199ECPSCLODO6","Approved","Wed Dec 20 20:59:07 PST 2017","Wed Dec 20 21:03:09 PST 2017","Sat Dec 23 21:03:09 PST 2017","Fri Dec 22 19:17:27 PST 2017","","","242","100% (1/1)","0% (0/0)","0% (0/0)","","8006189418"
"344M16OZKHEKN0WPSSBLTVJ1637NEK","36R4ILE2G93499ITDY6UQ90TUNEFHB","How does information change thinking?","Unlike machines, people are really good at incorporating new information and adapting their thinking. You'll answer a couple of basic questions, read brief write-ups (5-6 paragraphs), and then be asked to write short responses.","stories, analogies, short answer responses,","$2.00","Wed Dec 20 20:50:47 PST 2017","100","BatchId:3058260;OriginalHitTemplateId:920937340;","28800","259200","Fri Dec 22 20:50:47 PST 2017","","","3W92K5RLWUG0L69Z9K9AN23O5FAV5G","A19KF02ULCISTQ","Approved","Wed Dec 20 20:54:07 PST 2017","Wed Dec 20 21:03:32 PST 2017","Sat Dec 23 21:03:32 PST 2017","Fri Dec 22 19:17:30 PST 2017","","","565","100% (1/1)","0% (0/0)","0% (0/0)","","2048066454"
"344M16OZKHEKN0WPSSBLTVJ1637NEK","36R4ILE2G93499ITDY6UQ90TUNEFHB","How does information change thinking?","Unlike machines, people are really good at incorporating new information and adapting their thinking. You'll answer a couple of basic questions, read brief write-ups (5-6 paragraphs), and then be asked to write short responses.","stories, analogies, short answer responses,","$2.00","Wed Dec 20 20:50:47 PST 2017","100","BatchId:3058260;OriginalHitTemplateId:920937340;","28800","259200","Fri Dec 22 20:50:47 PST 2017","","","3RU7GD8VPOSOMOAEZ4DJALOYXBHSPU","A1BBJJHGM0ADN7","Approved","Wed Dec 20 20:53:35 PST 2017","Wed Dec 20 21:02:04 PST 2017","Sat Dec 23 21:02:04 PST 2017","Fri Dec 22 19:17:29 PST 2017","","","509","100% (1/1)","0% (0/0)","0% (0/0)","","8107292084"
"344M16OZKHEKN0WPSSBLTVJ1637NEK","36R4ILE2G93499ITDY6UQ90TUNEFHB","How does information change thinking?","Unlike machines, people are really good at incorporating new information and adapting their thinking. You'll answer a couple of basic questions, read brief write-ups (5-6 paragraphs), and then be asked to write short responses.","stories, analogies, short answer responses,","$2.00","Wed Dec 20 20:50:47 PST 2017","100","BatchId:3058260;OriginalHitTemplateId:920937340;","28800","259200","Fri Dec 22 20:50:47 PST 2017","","","31JLPPHS2UT2H7DYUPZ3DDBWVQN3OX","A1EJF2XR921HDX","Approved","Wed Dec 20 20:58:36 PST 2017","Wed Dec 20 22:01:29 PST 2017","Sat Dec 23 22:01:29 PST 2017","Fri Dec 22 19:17:21 PST 2017","","","3773","100% (1/1)","0% (0/0)","0% (0/0)","","4760022270"
"344M16OZKHEKN0WPSSBLTVJ1637NEK","36R4ILE2G93499ITDY6UQ90TUNEFHB","How does information change thinking?","Unlike machines, people are really good at incorporating new information and adapting their thinking. You'll answer a couple of basic questions, read brief write-ups (5-6 paragraphs), and then be asked to write short responses.","stories, analogies, short answer responses,","$2.00","Wed Dec 20 20:50:47 PST 2017","100","BatchId:3058260;OriginalHitTemplateId:920937340;","28800","259200","Fri Dec 22 20:50:47 PST 2017","","","3RYC5T2D73SCL9A1KFDEKBJ2B9YPR3","A1FUR4UJ0S46W6","Approved","Wed Dec 20 20:52:48 PST 2017","Wed Dec 20 21:34:31 PST 2017","Sat Dec 23 21:34:31 PST 2017","Fri Dec 22 19:17:29 PST 2017","","","2503","100% (1/1)","0% (0/0)","0% (0/0)","","804351810"
"344M16OZKHEKN0WPSSBLTVJ1637NEK","36R4ILE2G93499ITDY6UQ90TUNEFHB","How does information change thinking?","Unlike machines, people are really good at incorporating new information and adapting their thinking. You'll answer a couple of basic questions, read brief write-ups (5-6 paragraphs), and then be asked to write short responses.","stories, analogies, short answer responses,","$2.00","Wed Dec 20 20:50:47 PST 2017","100","BatchId:3058260;OriginalHitTemplateId:920937340;","28800","259200","Fri Dec 22 20:50:47 PST 2017","","","3YMU66OBIN7TJ23ZLRBXCY34N9DHGU","A1GXFMAC759VRM","Approved","Wed Dec 20 20:52:33 PST 2017","Wed Dec 20 21:07:34 PST 2017","Sat Dec 23 21:07:34 PST 2017","Fri Dec 22 19:17:30 PST 2017","","","901","100% (1/1)","0% (0/0)","0% (0/0)","","2616859301"
"344M16OZKHEKN0WPSSBLTVJ1637NEK","36R4ILE2G93499ITDY6UQ90TUNEFHB","How does information change thinking?","Unlike machines, people are really good at incorporating new information and adapting their thinking. You'll answer a couple of basic questions, read brief write-ups (5-6 paragraphs), and then be asked to write short responses.","stories, analogies, short answer responses,","$2.00","Wed Dec 20 20:50:47 PST 2017","100","BatchId:3058260;OriginalHitTemplateId:920937340;","28800","259200","Fri Dec 22 20:50:47 PST 2017","","","3AZHRG4CU4JHEQLFS4XSNCFEXN7034","A1GXPNXDLMT0QB","Approved","Wed Dec 20 20:53:06 PST 2017","Wed Dec 20 22:34:57 PST 2017","Sat Dec 23 22:34:57 PST 2017","Fri Dec 22 19:17:23 PST 2017","","","6111","100% (1/1)","0% (0/0)","0% (0/0)","","8856292585"
"344M16OZKHEKN0WPSSBLTVJ1637NEK","36R4ILE2G93499ITDY6UQ90TUNEFHB","How does information change thinking?","Unlike machines, people are really good at incorporating new information and adapting their thinking. You'll answer a couple of basic questions, read brief write-ups (5-6 paragraphs), and then be asked to write short responses.","stories, analogies, short answer responses,","$2.00","Wed Dec 20 20:50:47 PST 2017","100","BatchId:3058260;OriginalHitTemplateId:920937340;","28800","259200","Fri Dec 22 20:50:47 PST 2017","","","3HSYG7LRBJXPNE0QH3Z9NIBPM7YKK4","A1HKCTDOTL6C9I","Approved","Wed Dec 20 20:52:47 PST 2017","Wed Dec 20 21:03:33 PST 2017","Sat Dec 23 21:03:33 PST 2017","Fri Dec 22 19:17:25 PST 2017","","","646","100% (1/1)","0% (0/0)","0% (0/0)","","7508522258"
"344M16OZKHEKN0WPSSBLTVJ1637NEK","36R4ILE2G93499ITDY6UQ90TUNEFHB","How does information change thinking?","Unlike machines, people are really good at incorporating new information and adapting their thinking. You'll answer a couple of basic questions, read brief write-ups (5-6 paragraphs), and then be asked to write short responses.","stories, analogies, short answer responses,","$2.00","Wed Dec 20 20:50:47 PST 2017","100","BatchId:3058260;OriginalHitTemplateId:920937340;","28800","259200","Fri Dec 22 20:50:47 PST 2017","","","3DH6GAKTYYOFWEOTLJ3AJ5EDOVKZY0","A1K0S514CEY1UG","Approved","Wed Dec 20 20:52:39 PST 2017","Wed Dec 20 21:00:01 PST 2017","Sat Dec 23 21:00:01 PST 2017","Fri Dec 22 19:17:24 PST 2017","","","442","100% (1/1)","0% (0/0)","0% (0/0)","","71336189"
"344M16OZKHEKN0WPSSBLTVJ1637NEK","36R4ILE2G93499ITDY6UQ90TUNEFHB","How does information change thinking?","Unlike machines, people are really good at incorporating new information and adapting their thinking. You'll answer a couple of basic questions, read brief write-ups (5-6 paragraphs), and then be asked to write short responses.","stories, analogies, short answer responses,","$2.00","Wed Dec 20 20:50:47 PST 2017","100","BatchId:3058260;OriginalHitTemplateId:920937340;","28800","259200","Fri Dec 22 20:50:47 PST 2017","","","3VZLGYJEYL9QW9YJGNH80R74MPQZXU","A1KLAGM9CCOFBN","Approved","Wed Dec 20 20:52:49 PST 2017","Wed Dec 20 21:37:03 PST 2017","Sat Dec 23 21:37:03 PST 2017","Fri Dec 22 19:17:29 PST 2017","","","2654","100% (1/1)","0% (0/0)","0% (0/0)","","2277997294"
"344M16OZKHEKN0WPSSBLTVJ1637NEK","36R4ILE2G93499ITDY6UQ90TUNEFHB","How does information change thinking?","Unlike machines, people are really good at incorporating new information and adapting their thinking. You'll answer a couple of basic questions, read brief write-ups (5-6 paragraphs), and then be asked to write short responses.","stories, analogies, short answer responses,","$2.00","Wed Dec 20 20:50:47 PST 2017","100","BatchId:3058260;OriginalHitTemplateId:920937340;","28800","259200","Fri Dec 22 20:50:47 PST 2017","","","3C2NJ6JBKAGVE4H3PALLFE6ZZ2I2N6","A1L3937MY09J3I","Approved","Wed Dec 20 20:53:00 PST 2017","Wed Dec 20 20:56:23 PST 2017","Sat Dec 23 20:56:23 PST 2017","Fri Dec 22 19:17:24 PST 2017","","","203","100% (1/1)","0% (0/0)","0% (0/0)","","5182840777"
"344M16OZKHEKN0WPSSBLTVJ1637NEK","36R4ILE2G93499ITDY6UQ90TUNEFHB","How does information change thinking?","Unlike machines, people are really good at incorporating new information and adapting their thinking. You'll answer a couple of basic questions, read brief write-ups (5-6 paragraphs), and then be asked to write short responses.","stories, analogies, short answer responses,","$2.00","Wed Dec 20 20:50:47 PST 2017","100","BatchId:3058260;OriginalHitTemplateId:920937340;","28800","259200","Fri Dec 22 20:50:47 PST 2017","","","3JNQLM5FT4L5Q4EIDX562M2AU7I2L4","A1MNJ1VJEZE8NY","Approved","Wed Dec 20 20:56:26 PST 2017","Wed Dec 20 21:01:07 PST 2017","Sat Dec 23 21:01:07 PST 2017","Fri Dec 22 19:17:27 PST 2017","","","281","100% (1/1)","0% (0/0)","0% (0/0)","","211964393"
"344M16OZKHEKN0WPSSBLTVJ1637NEK","36R4ILE2G93499ITDY6UQ90TUNEFHB","How does information change thinking?","Unlike machines, people are really good at incorporating new information and adapting their thinking. You'll answer a couple of basic questions, read brief write-ups (5-6 paragraphs), and then be asked to write short responses.","stories, analogies, short answer responses,","$2.00","Wed Dec 20 20:50:47 PST 2017","100","BatchId:3058260;OriginalHitTemplateId:920937340;","28800","259200","Fri Dec 22 20:50:47 PST 2017","","","336KAV9KYQRPQ3LHWCUWWU463MLY2R","A1N8BW04V76ZSY","Approved","Wed Dec 20 20:54:26 PST 2017","Wed Dec 20 21:11:07 PST 2017","Sat Dec 23 21:11:07 PST 2017","Fri Dec 22 19:17:21 PST 2017","","","1001","100% (1/1)","0% (0/0)","0% (0/0)","","5083048907"
"344M16OZKHEKN0WPSSBLTVJ1637NEK","36R4ILE2G93499ITDY6UQ90TUNEFHB","How does information change thinking?","Unlike machines, people are really good at incorporating new information and adapting their thinking. You'll answer a couple of basic questions, read brief write-ups (5-6 paragraphs), and then be asked to write short responses.","stories, analogies, short answer responses,","$2.00","Wed Dec 20 20:50:47 PST 2017","100","BatchId:3058260;OriginalHitTemplateId:920937340;","28800","259200","Fri Dec 22 20:50:47 PST 2017","","","35LDD5557A3KD20T2FCP2V3TBCTKM9","A1NUKP1UCT2R2R","Approved","Wed Dec 20 20:52:57 PST 2017","Wed Dec 20 22:43:45 PST 2017","Sat Dec 23 22:43:45 PST 2017","Fri Dec 22 19:17:22 PST 2017","","","6648","100% (1/1)","0% (0/0)","0% (0/0)","","6659085322"
"344M16OZKHEKN0WPSSBLTVJ1637NEK","36R4ILE2G93499ITDY6UQ90TUNEFHB","How does information change thinking?","Unlike machines, people are really good at incorporating new information and adapting their thinking. You'll answer a couple of basic questions, read brief write-ups (5-6 paragraphs), and then be asked to write short responses.","stories, analogies, short answer responses,","$2.00","Wed Dec 20 20:50:47 PST 2017","100","BatchId:3058260;OriginalHitTemplateId:920937340;","28800","259200","Fri Dec 22 20:50:47 PST 2017","","","351SEKWQS0GCZWUJAYQ2YI83R3ZDMS","A1PLD2IWQLX4M5","Approved","Wed Dec 20 21:34:59 PST 2017","Wed Dec 20 22:07:19 PST 2017","Sat Dec 23 22:07:19 PST 2017","Fri Dec 22 19:17:22 PST 2017","","","1940","100% (1/1)","0% (0/0)","0% (0/0)","","8022968657"
"344M16OZKHEKN0WPSSBLTVJ1637NEK","36R4ILE2G93499ITDY6UQ90TUNEFHB","How does information change thinking?","Unlike machines, people are really good at incorporating new information and adapting their thinking. You'll answer a couple of basic questions, read brief write-ups (5-6 paragraphs), and then be asked to write short responses.","stories, analogies, short answer responses,","$2.00","Wed Dec 20 20:50:47 PST 2017","100","BatchId:3058260;OriginalHitTemplateId:920937340;","28800","259200","Fri Dec 22 20:50:47 PST 2017","","","3ZOTGHDK5IA61OYDK404LLJ8N6LSOD","A1SLM4JRDIM430","Approved","Wed Dec 20 20:53:38 PST 2017","Wed Dec 20 21:55:47 PST 2017","Sat Dec 23 21:55:47 PST 2017","Fri Dec 22 19:17:31 PST 2017","","","3729","100% (1/1)","0% (0/0)","0% (0/0)","","2630940359"
"344M16OZKHEKN0WPSSBLTVJ1637NEK","36R4ILE2G93499ITDY6UQ90TUNEFHB","How does information change thinking?","Unlike machines, people are really good at incorporating new information and adapting their thinking. You'll answer a couple of basic questions, read brief write-ups (5-6 paragraphs), and then be asked to write short responses.","stories, analogies, short answer responses,","$2.00","Wed Dec 20 20:50:47 PST 2017","100","BatchId:3058260;OriginalHitTemplateId:920937340;","28800","259200","Fri Dec 22 20:50:47 PST 2017","","","3PM8NZGV8YFHIHXSTRYV9YV0HM5XQY","A1WYZXOTTP17YO","Approved","Wed Dec 20 20:53:28 PST 2017","Wed Dec 20 21:20:19 PST 2017","Sat Dec 23 21:20:19 PST 2017","Fri Dec 22 19:17:28 PST 2017","","","1611","100% (1/1)","0% (0/0)","0% (0/0)","","5754782599"
"344M16OZKHEKN0WPSSBLTVJ1637NEK","36R4ILE2G93499ITDY6UQ90TUNEFHB","How does information change thinking?","Unlike machines, people are really good at incorporating new information and adapting their thinking. You'll answer a couple of basic questions, read brief write-ups (5-6 paragraphs), and then be asked to write short responses.","stories, analogies, short answer responses,","$2.00","Wed Dec 20 20:50:47 PST 2017","100","BatchId:3058260;OriginalHitTemplateId:920937340;","28800","259200","Fri Dec 22 20:50:47 PST 2017","","","3OSWBBLG1EWNT8TNO5SB9ZO1Y7GXDT","A1X94LTZZQMHTP","Approved","Wed Dec 20 20:52:39 PST 2017","Thu Dec 21 03:09:29 PST 2017","Sun Dec 24 03:09:29 PST 2017","Fri Dec 22 19:17:28 PST 2017","","","22610","100% (1/1)","0% (0/0)","0% (0/0)","","1196161615"
"344M16OZKHEKN0WPSSBLTVJ1637NEK","36R4ILE2G93499ITDY6UQ90TUNEFHB","How does information change thinking?","Unlike machines, people are really good at incorporating new information and adapting their thinking. You'll answer a couple of basic questions, read brief write-ups (5-6 paragraphs), and then be asked to write short responses.","stories, analogies, short answer responses,","$2.00","Wed Dec 20 20:50:47 PST 2017","100","BatchId:3058260;OriginalHitTemplateId:920937340;","28800","259200","Fri Dec 22 20:50:47 PST 2017","","","3ATTHHXXWAN41J99GJTM0W4EQCOXIV","A1ZT30BGR3266K","Approved","Wed Dec 20 20:52:53 PST 2017","Wed Dec 20 21:00:34 PST 2017","Sat Dec 23 21:00:34 PST 2017","Fri Dec 22 19:17:23 PST 2017","","","461","100% (1/1)","0% (0/0)","0% (0/0)","","164796509"
"344M16OZKHEKN0WPSSBLTVJ1637NEK","36R4ILE2G93499ITDY6UQ90TUNEFHB","How does information change thinking?","Unlike machines, people are really good at incorporating new information and adapting their thinking. You'll answer a couple of basic questions, read brief write-ups (5-6 paragraphs), and then be asked to write short responses.","stories, analogies, short answer responses,","$2.00","Wed Dec 20 20:50:47 PST 2017","100","BatchId:3058260;OriginalHitTemplateId:920937340;","28800","259200","Fri Dec 22 20:50:47 PST 2017","","","3C6FJU71TQSYAFUJFW422DZYMD5UY6","A20URTQLCYJS7A","Approved","Wed Dec 20 20:53:32 PST 2017","Wed Dec 20 20:56:44 PST 2017","Sat Dec 23 20:56:44 PST 2017","Fri Dec 22 19:17:24 PST 2017","","","192","100% (1/1)","0% (0/0)","0% (0/0)","","1566762393"
"344M16OZKHEKN0WPSSBLTVJ1637NEK","36R4ILE2G93499ITDY6UQ90TUNEFHB","How does information change thinking?","Unlike machines, people are really good at incorporating new information and adapting their thinking. You'll answer a couple of basic questions, read brief write-ups (5-6 paragraphs), and then be asked to write short responses.","stories, analogies, short answer responses,","$2.00","Wed Dec 20 20:50:47 PST 2017","100","BatchId:3058260;OriginalHitTemplateId:920937340;","28800","259200","Fri Dec 22 20:50:47 PST 2017","","","3MB8LZR5BFS07KI823BA2IO4B73KL7","A21SIPO89DP66I","Approved","Wed Dec 20 20:52:52 PST 2017","Thu Dec 21 04:22:06 PST 2017","Sun Dec 24 04:22:06 PST 2017","Fri Dec 22 19:17:27 PST 2017","","","26954","100% (1/1)","0% (0/0)","0% (0/0)","","1502907420"
"344M16OZKHEKN0WPSSBLTVJ1637NEK","36R4ILE2G93499ITDY6UQ90TUNEFHB","How does information change thinking?","Unlike machines, people are really good at incorporating new information and adapting their thinking. You'll answer a couple of basic questions, read brief write-ups (5-6 paragraphs), and then be asked to write short responses.","stories, analogies, short answer responses,","$2.00","Wed Dec 20 20:50:47 PST 2017","100","BatchId:3058260;OriginalHitTemplateId:920937340;","28800","259200","Fri Dec 22 20:50:47 PST 2017","","","3EFE17QCRC4W97CQGR5E1CM7BK7SHP","A21STU4Z97J2Z6","Approved","Wed Dec 20 20:52:52 PST 2017","Wed Dec 20 20:57:56 PST 2017","Sat Dec 23 20:57:56 PST 2017","Fri Dec 22 19:17:25 PST 2017","","","304","100% (1/1)","0% (0/0)","0% (0/0)","","8477240935"
"344M16OZKHEKN0WPSSBLTVJ1637NEK","36R4ILE2G93499ITDY6UQ90TUNEFHB","How does information change thinking?","Unlike machines, people are really good at incorporating new information and adapting their thinking. You'll answer a couple of basic questions, read brief write-ups (5-6 paragraphs), and then be asked to write short responses.","stories, analogies, short answer responses,","$2.00","Wed Dec 20 20:50:47 PST 2017","100","BatchId:3058260;OriginalHitTemplateId:920937340;","28800","259200","Fri Dec 22 20:50:47 PST 2017","","","30X31N5D63PHZK4CALVMKQZ3YPHSAE","A21UA6O7ZFAIQJ","Approved","Wed Dec 20 20:52:39 PST 2017","Wed Dec 20 21:01:32 PST 2017","Sat Dec 23 21:01:32 PST 2017","Fri Dec 22 19:17:20 PST 2017","","","533","100% (1/1)","0% (0/0)","0% (0/0)","true","4925798247"
"344M16OZKHEKN0WPSSBLTVJ1637NEK","36R4ILE2G93499ITDY6UQ90TUNEFHB","How does information change thinking?","Unlike machines, people are really good at incorporating new information and adapting their thinking. You'll answer a couple of basic questions, read brief write-ups (5-6 paragraphs), and then be asked to write short responses.","stories, analogies, short answer responses,","$2.00","Wed Dec 20 20:50:47 PST 2017","100","BatchId:3058260;OriginalHitTemplateId:920937340;","28800","259200","Fri Dec 22 20:50:47 PST 2017","","","386CSBG1OZL4Z2DWS4P59LIGKI6Q6X","A234SA9RO156TR","Approved","Wed Dec 20 20:53:56 PST 2017","Wed Dec 20 21:20:10 PST 2017","Sat Dec 23 21:20:10 PST 2017","Fri Dec 22 19:17:23 PST 2017","","","1574","100% (1/1)","0% (0/0)","0% (0/0)","","6278157047"
"344M16OZKHEKN0WPSSBLTVJ1637NEK","36R4ILE2G93499ITDY6UQ90TUNEFHB","How does information change thinking?","Unlike machines, people are really good at incorporating new information and adapting their thinking. You'll answer a couple of basic questions, read brief write-ups (5-6 paragraphs), and then be asked to write short responses.","stories, analogies, short answer responses,","$2.00","Wed Dec 20 20:50:47 PST 2017","100","BatchId:3058260;OriginalHitTemplateId:920937340;","28800","259200","Fri Dec 22 20:50:47 PST 2017","","","35H6S234SAZF6GUY8C12BANPOMK560","A23MXKWRMHIKKH","Approved","Wed Dec 20 20:58:05 PST 2017","Wed Dec 20 21:12:49 PST 2017","Sat Dec 23 21:12:49 PST 2017","Fri Dec 22 19:17:22 PST 2017","","","884","100% (1/1)","0% (0/0)","0% (0/0)","","5456581404"
"344M16OZKHEKN0WPSSBLTVJ1637NEK","36R4ILE2G93499ITDY6UQ90TUNEFHB","How does information change thinking?","Unlike machines, people are really good at incorporating new information and adapting their thinking. You'll answer a couple of basic questions, read brief write-ups (5-6 paragraphs), and then be asked to write short responses.","stories, analogies, short answer responses,","$2.00","Wed Dec 20 20:50:47 PST 2017","100","BatchId:3058260;OriginalHitTemplateId:920937340;","28800","259200","Fri Dec 22 20:50:47 PST 2017","","","3JBT3HLQF81LN0WSUW7R6EL1KQHPZW","A24B5UF6RMHYGX","Approved","Wed Dec 20 20:52:57 PST 2017","Wed Dec 20 21:04:53 PST 2017","Sat Dec 23 21:04:53 PST 2017","Fri Dec 22 19:17:26 PST 2017","","","716","100% (1/1)","0% (0/0)","0% (0/0)","","3845287961"
"344M16OZKHEKN0WPSSBLTVJ1637NEK","36R4ILE2G93499ITDY6UQ90TUNEFHB","How does information change thinking?","Unlike machines, people are really good at incorporating new information and adapting their thinking. You'll answer a couple of basic questions, read brief write-ups (5-6 paragraphs), and then be asked to write short responses.","stories, analogies, short answer responses,","$2.00","Wed Dec 20 20:50:47 PST 2017","100","BatchId:3058260;OriginalHitTemplateId:920937340;","28800","259200","Fri Dec 22 20:50:47 PST 2017","","","3HYA4D452RIJQC4MRM2879XQXBW2FZ","A256FHXGSY0E5D","Approved","Wed Dec 20 20:52:38 PST 2017","Wed Dec 20 20:57:43 PST 2017","Sat Dec 23 20:57:43 PST 2017","Fri Dec 22 19:17:26 PST 2017","","","305","100% (1/1)","0% (0/0)","0% (0/0)","","8363459510"
"344M16OZKHEKN0WPSSBLTVJ1637NEK","36R4ILE2G93499ITDY6UQ90TUNEFHB","How does information change thinking?","Unlike machines, people are really good at incorporating new information and adapting their thinking. You'll answer a couple of basic questions, read brief write-ups (5-6 paragraphs), and then be asked to write short responses.","stories, analogies, short answer responses,","$2.00","Wed Dec 20 20:50:47 PST 2017","100","BatchId:3058260;OriginalHitTemplateId:920937340;","28800","259200","Fri Dec 22 20:50:47 PST 2017","","","3LQ8PUHQFLR7FT9UBFB0XAGK2M5HIM","A2B8HPIZDKYKDR","Approved","Wed Dec 20 20:52:55 PST 2017","Wed Dec 20 20:58:07 PST 2017","Sat Dec 23 20:58:07 PST 2017","Fri Dec 22 19:17:27 PST 2017","","","312","100% (1/1)","0% (0/0)","0% (0/0)","true","296279811"
"344M16OZKHEKN0WPSSBLTVJ1637NEK","36R4ILE2G93499ITDY6UQ90TUNEFHB","How does information change thinking?","Unlike machines, people are really good at incorporating new information and adapting their thinking. You'll answer a couple of basic questions, read brief write-ups (5-6 paragraphs), and then be asked to write short responses.","stories, analogies, short answer responses,","$2.00","Wed Dec 20 20:50:47 PST 2017","100","BatchId:3058260;OriginalHitTemplateId:920937340;","28800","259200","Fri Dec 22 20:50:47 PST 2017","","","3QUO65DNQUNMG1QH99V40M1W836UOV","A2C7WH5KWEHKCS","Approved","Wed Dec 20 20:54:36 PST 2017","Wed Dec 20 22:31:52 PST 2017","Sat Dec 23 22:31:52 PST 2017","Fri Dec 22 19:17:28 PST 2017","","","5836","100% (1/1)","0% (0/0)","0% (0/0)","","1834773840"
"344M16OZKHEKN0WPSSBLTVJ1637NEK","36R4ILE2G93499ITDY6UQ90TUNEFHB","How does information change thinking?","Unlike machines, people are really good at incorporating new information and adapting their thinking. You'll answer a couple of basic questions, read brief write-ups (5-6 paragraphs), and then be asked to write short responses.","stories, analogies, short answer responses,","$2.00","Wed Dec 20 20:50:47 PST 2017","100","BatchId:3058260;OriginalHitTemplateId:920937340;","28800","259200","Fri Dec 22 20:50:47 PST 2017","","","3F6KKYWMNB0IHEFJMZ52BXX3WT6NDZ","A2F2DDH12YU4AK","Approved","Wed Dec 20 20:52:46 PST 2017","Wed Dec 20 23:58:59 PST 2017","Sat Dec 23 23:58:59 PST 2017","Fri Dec 22 19:17:25 PST 2017","","","11173","100% (1/1)","0% (0/0)","0% (0/0)","","5042242878"
"344M16OZKHEKN0WPSSBLTVJ1637NEK","36R4ILE2G93499ITDY6UQ90TUNEFHB","How does information change thinking?","Unlike machines, people are really good at incorporating new information and adapting their thinking. You'll answer a couple of basic questions, read brief write-ups (5-6 paragraphs), and then be asked to write short responses.","stories, analogies, short answer responses,","$2.00","Wed Dec 20 20:50:47 PST 2017","100","BatchId:3058260;OriginalHitTemplateId:920937340;","28800","259200","Fri Dec 22 20:50:47 PST 2017","","","3J88R45B2GXWI5WDTEJ69T5QCQJPXZ","A2FL477TMKC91L","Approved","Wed Dec 20 20:52:56 PST 2017","Wed Dec 20 21:12:28 PST 2017","Sat Dec 23 21:12:28 PST 2017","Fri Dec 22 19:17:26 PST 2017","","","1172","100% (1/1)","0% (0/0)","0% (0/0)","","2563974796"
"344M16OZKHEKN0WPSSBLTVJ1637NEK","36R4ILE2G93499ITDY6UQ90TUNEFHB","How does information change thinking?","Unlike machines, people are really good at incorporating new information and adapting their thinking. You'll answer a couple of basic questions, read brief write-ups (5-6 paragraphs), and then be asked to write short responses.","stories, analogies, short answer responses,","$2.00","Wed Dec 20 20:50:47 PST 2017","100","BatchId:3058260;OriginalHitTemplateId:920937340;","28800","259200","Fri Dec 22 20:50:47 PST 2017","","","37TD41K0AH85SZ1AUZRDQLPRYS2SCG","A2GB0RI43KU4Z","Approved","Wed Dec 20 20:52:40 PST 2017","Wed Dec 20 21:19:42 PST 2017","Sat Dec 23 21:19:42 PST 2017","Fri Dec 22 19:17:23 PST 2017","","","1622","100% (1/1)","0% (0/0)","0% (0/0)","","5927232452"
"344M16OZKHEKN0WPSSBLTVJ1637NEK","36R4ILE2G93499ITDY6UQ90TUNEFHB","How does information change thinking?","Unlike machines, people are really good at incorporating new information and adapting their thinking. You'll answer a couple of basic questions, read brief write-ups (5-6 paragraphs), and then be asked to write short responses.","stories, analogies, short answer responses,","$2.00","Wed Dec 20 20:50:47 PST 2017","100","BatchId:3058260;OriginalHitTemplateId:920937340;","28800","259200","Fri Dec 22 20:50:47 PST 2017","","","3B1NLC6UGZVLWJ1N44J2L75V90PGP0","A2LS0IJ90DA0UY","Approved","Wed Dec 20 21:13:36 PST 2017","Wed Dec 20 22:00:17 PST 2017","Sat Dec 23 22:00:17 PST 2017","Fri Dec 22 19:17:23 PST 2017","","","2801","100% (1/1)","0% (0/0)","0% (0/0)","","5356780746"
"344M16OZKHEKN0WPSSBLTVJ1637NEK","36R4ILE2G93499ITDY6UQ90TUNEFHB","How does information change thinking?","Unlike machines, people are really good at incorporating new information and adapting their thinking. You'll answer a couple of basic questions, read brief write-ups (5-6 paragraphs), and then be asked to write short responses.","stories, analogies, short answer responses,","$2.00","Wed Dec 20 20:50:47 PST 2017","100","BatchId:3058260;OriginalHitTemplateId:920937340;","28800","259200","Fri Dec 22 20:50:47 PST 2017","","","3N2BF7Y2VQTTBCZLWU9SP3N1JVPHM2","A2MGSKCPFIZIBY","Approved","Wed Dec 20 20:53:04 PST 2017","Wed Dec 20 21:10:26 PST 2017","Sat Dec 23 21:10:26 PST 2017","Fri Dec 22 19:17:27 PST 2017","","","1042","100% (1/1)","0% (0/0)","0% (0/0)","","801315717"
"344M16OZKHEKN0WPSSBLTVJ1637NEK","36R4ILE2G93499ITDY6UQ90TUNEFHB","How does information change thinking?","Unlike machines, people are really good at incorporating new information and adapting their thinking. You'll answer a couple of basic questions, read brief write-ups (5-6 paragraphs), and then be asked to write short responses.","stories, analogies, short answer responses,","$2.00","Wed Dec 20 20:50:47 PST 2017","100","BatchId:3058260;OriginalHitTemplateId:920937340;","28800","259200","Fri Dec 22 20:50:47 PST 2017","","","34S6N1K2ZVI95UH0WI8DPQ8CJQZHL0","A2O4RICIH4QZU9","Approved","Wed Dec 20 20:53:11 PST 2017","Wed Dec 20 22:48:41 PST 2017","Sat Dec 23 22:48:41 PST 2017","Fri Dec 22 19:17:22 PST 2017","","","6930","100% (1/1)","0% (0/0)","0% (0/0)","","9474779758"
"344M16OZKHEKN0WPSSBLTVJ1637NEK","36R4ILE2G93499ITDY6UQ90TUNEFHB","How does information change thinking?","Unlike machines, people are really good at incorporating new information and adapting their thinking. You'll answer a couple of basic questions, read brief write-ups (5-6 paragraphs), and then be asked to write short responses.","stories, analogies, short answer responses,","$2.00","Wed Dec 20 20:50:47 PST 2017","100","BatchId:3058260;OriginalHitTemplateId:920937340;","28800","259200","Fri Dec 22 20:50:47 PST 2017","","","3W2LOLRXLBEBAIDL7N86OUX3HZSKRX","A2OO4PG3LBLP5I","Approved","Wed Dec 20 20:53:27 PST 2017","Wed Dec 20 23:44:14 PST 2017","Sat Dec 23 23:44:14 PST 2017","Fri Dec 22 19:17:29 PST 2017","","","10247","100% (1/1)","0% (0/0)","0% (0/0)","","3388276044"
"344M16OZKHEKN0WPSSBLTVJ1637NEK","36R4ILE2G93499ITDY6UQ90TUNEFHB","How does information change thinking?","Unlike machines, people are really good at incorporating new information and adapting their thinking. You'll answer a couple of basic questions, read brief write-ups (5-6 paragraphs), and then be asked to write short responses.","stories, analogies, short answer responses,","$2.00","Wed Dec 20 20:50:47 PST 2017","100","BatchId:3058260;OriginalHitTemplateId:920937340;","28800","259200","Fri Dec 22 20:50:47 PST 2017","","","3HQUKB7LNFD7JYYA5XTFXYF529QHHT","A2QIZ31TMHU0GD","Rejected","Wed Dec 20 20:52:41 PST 2017","Wed Dec 20 23:41:52 PST 2017","Sat Dec 23 23:41:52 PST 2017","","Fri Dec 22 10:25:49 PST 2017","Did not provide four sentences for both questions.","10151","0% (0/1)","0% (0/0)","0% (0/0)","","9600395769"
"344M16OZKHEKN0WPSSBLTVJ1637NEK","36R4ILE2G93499ITDY6UQ90TUNEFHB","How does information change thinking?","Unlike machines, people are really good at incorporating new information and adapting their thinking. You'll answer a couple of basic questions, read brief write-ups (5-6 paragraphs), and then be asked to write short responses.","stories, analogies, short answer responses,","$2.00","Wed Dec 20 20:50:47 PST 2017","100","BatchId:3058260;OriginalHitTemplateId:920937340;","28800","259200","Fri Dec 22 20:50:47 PST 2017","","","3OWEPKL089B205E9VM2GB5N7AI8N7B","A2R8IV2PWFTY00","Approved","Wed Dec 20 22:41:10 PST 2017","Wed Dec 20 23:03:38 PST 2017","Sat Dec 23 23:03:38 PST 2017","Fri Dec 22 19:17:28 PST 2017","","","1348","100% (1/1)","0% (0/0)","0% (0/0)","","7902298513"
"344M16OZKHEKN0WPSSBLTVJ1637NEK","36R4ILE2G93499ITDY6UQ90TUNEFHB","How does information change thinking?","Unlike machines, people are really good at incorporating new information and adapting their thinking. You'll answer a couple of basic questions, read brief write-ups (5-6 paragraphs), and then be asked to write short responses.","stories, analogies, short answer responses,","$2.00","Wed Dec 20 20:50:47 PST 2017","100","BatchId:3058260;OriginalHitTemplateId:920937340;","28800","259200","Fri Dec 22 20:50:47 PST 2017","","","3PEIJLRY6TSM2ETE50X11NDM5NMXW2","A2SOHTPWH4VGP5","Approved","Wed Dec 20 20:53:47 PST 2017","Wed Dec 20 21:02:37 PST 2017","Sat Dec 23 21:02:37 PST 2017","Fri Dec 22 19:17:28 PST 2017","","","530","100% (1/1)","0% (0/0)","0% (0/0)","","5338703864"
"344M16OZKHEKN0WPSSBLTVJ1637NEK","36R4ILE2G93499ITDY6UQ90TUNEFHB","How does information change thinking?","Unlike machines, people are really good at incorporating new information and adapting their thinking. You'll answer a couple of basic questions, read brief write-ups (5-6 paragraphs), and then be asked to write short responses.","stories, analogies, short answer responses,","$2.00","Wed Dec 20 20:50:47 PST 2017","100","BatchId:3058260;OriginalHitTemplateId:920937340;","28800","259200","Fri Dec 22 20:50:47 PST 2017","","","3C5W7UE9CFPQX2Z01YRESPBV7L8XMB","A2V6W655RENYIE","Approved","Wed Dec 20 20:53:03 PST 2017","Wed Dec 20 20:59:57 PST 2017","Sat Dec 23 20:59:57 PST 2017","Fri Dec 22 19:17:24 PST 2017","","","414","100% (1/1)","0% (0/0)","0% (0/0)","","4223757153"
"344M16OZKHEKN0WPSSBLTVJ1637NEK","36R4ILE2G93499ITDY6UQ90TUNEFHB","How does information change thinking?","Unlike machines, people are really good at incorporating new information and adapting their thinking. You'll answer a couple of basic questions, read brief write-ups (5-6 paragraphs), and then be asked to write short responses.","stories, analogies, short answer responses,","$2.00","Wed Dec 20 20:50:47 PST 2017","100","BatchId:3058260;OriginalHitTemplateId:920937340;","28800","259200","Fri Dec 22 20:50:47 PST 2017","","","3O6CYIULED0ULAZJ0VMEHGEIB55UW7","A2VW2G52AKT86G","Approved","Wed Dec 20 20:53:37 PST 2017","Wed Dec 20 21:04:26 PST 2017","Sat Dec 23 21:04:26 PST 2017","Fri Dec 22 19:17:27 PST 2017","","","649","100% (1/1)","0% (0/0)","0% (0/0)","","6124626644"
"344M16OZKHEKN0WPSSBLTVJ1637NEK","36R4ILE2G93499ITDY6UQ90TUNEFHB","How does information change thinking?","Unlike machines, people are really good at incorporating new information and adapting their thinking. You'll answer a couple of basic questions, read brief write-ups (5-6 paragraphs), and then be asked to write short responses.","stories, analogies, short answer responses,","$2.00","Wed Dec 20 20:50:47 PST 2017","100","BatchId:3058260;OriginalHitTemplateId:920937340;","28800","259200","Fri Dec 22 20:50:47 PST 2017","","","3S96KQ6I9M3GCRK3JVREKW3VLB3DT1","A2YQBBAK7NBZHU","Approved","Thu Dec 21 07:01:58 PST 2017","Thu Dec 21 07:08:57 PST 2017","Sun Dec 24 07:08:57 PST 2017","Fri Dec 22 19:17:29 PST 2017","","","419","100% (1/1)","0% (0/0)","0% (0/0)","true","4039062019"
"344M16OZKHEKN0WPSSBLTVJ1637NEK","36R4ILE2G93499ITDY6UQ90TUNEFHB","How does information change thinking?","Unlike machines, people are really good at incorporating new information and adapting their thinking. You'll answer a couple of basic questions, read brief write-ups (5-6 paragraphs), and then be asked to write short responses.","stories, analogies, short answer responses,","$2.00","Wed Dec 20 20:50:47 PST 2017","100","BatchId:3058260;OriginalHitTemplateId:920937340;","28800","259200","Fri Dec 22 20:50:47 PST 2017","","","3AMW0RGHOD1R6BI9R8WXBRESAC9NPD","A3135Y3RMFC3PK","Approved","Thu Dec 21 05:11:19 PST 2017","Thu Dec 21 11:32:33 PST 2017","Sun Dec 24 11:32:33 PST 2017","Fri Dec 22 19:17:23 PST 2017","","","22874","100% (1/1)","0% (0/0)","0% (0/0)","","6261586584"
"344M16OZKHEKN0WPSSBLTVJ1637NEK","36R4ILE2G93499ITDY6UQ90TUNEFHB","How does information change thinking?","Unlike machines, people are really good at incorporating new information and adapting their thinking. You'll answer a couple of basic questions, read brief write-ups (5-6 paragraphs), and then be asked to write short responses.","stories, analogies, short answer responses,","$2.00","Wed Dec 20 20:50:47 PST 2017","100","BatchId:3058260;OriginalHitTemplateId:920937340;","28800","259200","Fri Dec 22 20:50:47 PST 2017","","","3JNQLM5FT4L5Q4EIDX562M2AU7HL2M","A321YWMP74ULKH","Approved","Wed Dec 20 20:55:14 PST 2017","Wed Dec 20 21:10:32 PST 2017","Sat Dec 23 21:10:32 PST 2017","Fri Dec 22 19:17:26 PST 2017","","","918","100% (1/1)","0% (0/0)","0% (0/0)","","763824242"
"344M16OZKHEKN0WPSSBLTVJ1637NEK","36R4ILE2G93499ITDY6UQ90TUNEFHB","How does information change thinking?","Unlike machines, people are really good at incorporating new information and adapting their thinking. You'll answer a couple of basic questions, read brief write-ups (5-6 paragraphs), and then be asked to write short responses.","stories, analogies, short answer responses,","$2.00","Wed Dec 20 20:50:47 PST 2017","100","BatchId:3058260;OriginalHitTemplateId:920937340;","28800","259200","Fri Dec 22 20:50:47 PST 2017","","","33JKGHPFYCTLL8LWZS45UNKX57YNMH","A32QWM7BWCSPTS","Approved","Wed Dec 20 20:53:42 PST 2017","Wed Dec 20 22:23:45 PST 2017","Sat Dec 23 22:23:45 PST 2017","Fri Dec 22 19:17:22 PST 2017","","","5403","100% (1/1)","0% (0/0)","0% (0/0)","","1195571348"
"344M16OZKHEKN0WPSSBLTVJ1637NEK","36R4ILE2G93499ITDY6UQ90TUNEFHB","How does information change thinking?","Unlike machines, people are really good at incorporating new information and adapting their thinking. You'll answer a couple of basic questions, read brief write-ups (5-6 paragraphs), and then be asked to write short responses.","stories, analogies, short answer responses,","$2.00","Wed Dec 20 20:50:47 PST 2017","100","BatchId:3058260;OriginalHitTemplateId:920937340;","28800","259200","Fri Dec 22 20:50:47 PST 2017","","","3X4JMASXCM8MHLPS7XCY5VDQLFK0BV","A33M7EZ72P8TWF","Rejected","Wed Dec 20 20:54:16 PST 2017","Thu Dec 21 02:04:58 PST 2017","Sun Dec 24 02:04:58 PST 2017","","Fri Dec 22 10:24:42 PST 2017","Did not provide four sentences for both questions.","18642","0% (0/1)","0% (0/0)","0% (0/0)","","620699771"
"344M16OZKHEKN0WPSSBLTVJ1637NEK","36R4ILE2G93499ITDY6UQ90TUNEFHB","How does information change thinking?","Unlike machines, people are really good at incorporating new information and adapting their thinking. You'll answer a couple of basic questions, read brief write-ups (5-6 paragraphs), and then be asked to write short responses.","stories, analogies, short answer responses,","$2.00","Wed Dec 20 20:50:47 PST 2017","100","BatchId:3058260;OriginalHitTemplateId:920937340;","28800","259200","Fri Dec 22 20:50:47 PST 2017","","","3V26SBZTBDDF14YYH55TXCNFUPOZZR","A34FOMRRI5KYCY","Approved","Wed Dec 20 20:52:50 PST 2017","Wed Dec 20 21:56:47 PST 2017","Sat Dec 23 21:56:47 PST 2017","Fri Dec 22 19:17:29 PST 2017","","","3837","100% (1/1)","0% (0/0)","0% (0/0)","","5588190793"
"344M16OZKHEKN0WPSSBLTVJ1637NEK","36R4ILE2G93499ITDY6UQ90TUNEFHB","How does information change thinking?","Unlike machines, people are really good at incorporating new information and adapting their thinking. You'll answer a couple of basic questions, read brief write-ups (5-6 paragraphs), and then be asked to write short responses.","stories, analogies, short answer responses,","$2.00","Wed Dec 20 20:50:47 PST 2017","100","BatchId:3058260;OriginalHitTemplateId:920937340;","28800","259200","Fri Dec 22 20:50:47 PST 2017","","","3F6HPJW4JDZL1YQHHBC8BXJQSEM2WX","A34N69O6CMW2S1","Approved","Wed Dec 20 20:54:25 PST 2017","Wed Dec 20 21:14:12 PST 2017","Sat Dec 23 21:14:12 PST 2017","Fri Dec 22 19:17:25 PST 2017","","","1187","100% (1/1)","0% (0/0)","0% (0/0)","","9145179609"
"344M16OZKHEKN0WPSSBLTVJ1637NEK","36R4ILE2G93499ITDY6UQ90TUNEFHB","How does information change thinking?","Unlike machines, people are really good at incorporating new information and adapting their thinking. You'll answer a couple of basic questions, read brief write-ups (5-6 paragraphs), and then be asked to write short responses.","stories, analogies, short answer responses,","$2.00","Wed Dec 20 20:50:47 PST 2017","100","BatchId:3058260;OriginalHitTemplateId:920937340;","28800","259200","Fri Dec 22 20:50:47 PST 2017","","","358010RM5ES9NPT9FQS5FLU8YEKXVS","A35ZVO654GOBP5","Approved","Wed Dec 20 20:53:46 PST 2017","Wed Dec 20 21:12:02 PST 2017","Sat Dec 23 21:12:02 PST 2017","Fri Dec 22 19:17:22 PST 2017","","","1096","100% (1/1)","0% (0/0)","0% (0/0)","","4107451643"
"344M16OZKHEKN0WPSSBLTVJ1637NEK","36R4ILE2G93499ITDY6UQ90TUNEFHB","How does information change thinking?","Unlike machines, people are really good at incorporating new information and adapting their thinking. You'll answer a couple of basic questions, read brief write-ups (5-6 paragraphs), and then be asked to write short responses.","stories, analogies, short answer responses,","$2.00","Wed Dec 20 20:50:47 PST 2017","100","BatchId:3058260;OriginalHitTemplateId:920937340;","28800","259200","Fri Dec 22 20:50:47 PST 2017","","","3DQQ64TANGKHT5RNJ9NK7ARJ3ODPW6","A366MTQY0JG0EM","Approved","Wed Dec 20 20:52:49 PST 2017","Wed Dec 20 20:58:17 PST 2017","Sat Dec 23 20:58:17 PST 2017","Fri Dec 22 19:17:24 PST 2017","","","328","100% (1/1)","0% (0/0)","0% (0/0)","","3849181598"
"344M16OZKHEKN0WPSSBLTVJ1637NEK","36R4ILE2G93499ITDY6UQ90TUNEFHB","How does information change thinking?","Unlike machines, people are really good at incorporating new information and adapting their thinking. You'll answer a couple of basic questions, read brief write-ups (5-6 paragraphs), and then be asked to write short responses.","stories, analogies, short answer responses,","$2.00","Wed Dec 20 20:50:47 PST 2017","100","BatchId:3058260;OriginalHitTemplateId:920937340;","28800","259200","Fri Dec 22 20:50:47 PST 2017","","","3I02618YA054112IO98JPM6MI82UPC","A36ZLJPURT0ILP","Approved","Wed Dec 20 22:51:25 PST 2017","Wed Dec 20 22:59:38 PST 2017","Sat Dec 23 22:59:38 PST 2017","Fri Dec 22 19:17:26 PST 2017","","","493","100% (1/1)","0% (0/0)","0% (0/0)","","6282580592"
"344M16OZKHEKN0WPSSBLTVJ1637NEK","36R4ILE2G93499ITDY6UQ90TUNEFHB","How does information change thinking?","Unlike machines, people are really good at incorporating new information and adapting their thinking. You'll answer a couple of basic questions, read brief write-ups (5-6 paragraphs), and then be asked to write short responses.","stories, analogies, short answer responses,","$2.00","Wed Dec 20 20:50:47 PST 2017","100","BatchId:3058260;OriginalHitTemplateId:920937340;","28800","259200","Fri Dec 22 20:50:47 PST 2017","","","3YDTZAI2WXF23BP1O16BBMQUGF914T","A375OH1S7FO7L8","Approved","Wed Dec 20 20:57:46 PST 2017","Wed Dec 20 21:14:39 PST 2017","Sat Dec 23 21:14:39 PST 2017","Fri Dec 22 19:17:30 PST 2017","","","1013","100% (1/1)","0% (0/0)","0% (0/0)","","4486193563"
"344M16OZKHEKN0WPSSBLTVJ1637NEK","36R4ILE2G93499ITDY6UQ90TUNEFHB","How does information change thinking?","Unlike machines, people are really good at incorporating new information and adapting their thinking. You'll answer a couple of basic questions, read brief write-ups (5-6 paragraphs), and then be asked to write short responses.","stories, analogies, short answer responses,","$2.00","Wed Dec 20 20:50:47 PST 2017","100","BatchId:3058260;OriginalHitTemplateId:920937340;","28800","259200","Fri Dec 22 20:50:47 PST 2017","","","33IZTU6J810TVXC5LVN04YA1ZAQXSN","A3774HPOUKYTX7","Approved","Wed Dec 20 20:53:58 PST 2017","Wed Dec 20 22:19:57 PST 2017","Sat Dec 23 22:19:57 PST 2017","Fri Dec 22 19:17:21 PST 2017","","","5159","100% (1/1)","0% (0/0)","0% (0/0)","","7116566705"
"344M16OZKHEKN0WPSSBLTVJ1637NEK","36R4ILE2G93499ITDY6UQ90TUNEFHB","How does information change thinking?","Unlike machines, people are really good at incorporating new information and adapting their thinking. You'll answer a couple of basic questions, read brief write-ups (5-6 paragraphs), and then be asked to write short responses.","stories, analogies, short answer responses,","$2.00","Wed Dec 20 20:50:47 PST 2017","100","BatchId:3058260;OriginalHitTemplateId:920937340;","28800","259200","Fri Dec 22 20:50:47 PST 2017","","","3TGOYF991XLHT6AE5V7DZSTLQPUUU8","A37E36IPU0BJX5","Approved","Wed Dec 20 20:53:08 PST 2017","Thu Dec 21 02:26:42 PST 2017","Sun Dec 24 02:26:42 PST 2017","Fri Dec 22 19:17:29 PST 2017","","","20014","100% (1/1)","0% (0/0)","0% (0/0)","","6481799138"
"344M16OZKHEKN0WPSSBLTVJ1637NEK","36R4ILE2G93499ITDY6UQ90TUNEFHB","How does information change thinking?","Unlike machines, people are really good at incorporating new information and adapting their thinking. You'll answer a couple of basic questions, read brief write-ups (5-6 paragraphs), and then be asked to write short responses.","stories, analogies, short answer responses,","$2.00","Wed Dec 20 20:50:47 PST 2017","100","BatchId:3058260;OriginalHitTemplateId:920937340;","28800","259200","Fri Dec 22 20:50:47 PST 2017","","","3HWRJOOET51KPXLOQQX8G9PUJ4FSE9","A37KREDYGDTP4U","Approved","Wed Dec 20 20:52:42 PST 2017","Wed Dec 20 20:54:59 PST 2017","Sat Dec 23 20:54:59 PST 2017","Fri Dec 22 19:17:26 PST 2017","","","137","100% (1/1)","0% (0/0)","0% (0/0)","","4213219746"
"344M16OZKHEKN0WPSSBLTVJ1637NEK","36R4ILE2G93499ITDY6UQ90TUNEFHB","How does information change thinking?","Unlike machines, people are really good at incorporating new information and adapting their thinking. You'll answer a couple of basic questions, read brief write-ups (5-6 paragraphs), and then be asked to write short responses.","stories, analogies, short answer responses,","$2.00","Wed Dec 20 20:50:47 PST 2017","100","BatchId:3058260;OriginalHitTemplateId:920937340;","28800","259200","Fri Dec 22 20:50:47 PST 2017","","","3JPSL1DZ5SYKJ7C72PE0LWPXBQ9NAX","A38DXFI1TZA295","Approved","Wed Dec 20 20:52:37 PST 2017","Wed Dec 20 22:36:06 PST 2017","Sat Dec 23 22:36:06 PST 2017","Fri Dec 22 19:17:27 PST 2017","","","6209","100% (1/1)","0% (0/0)","0% (0/0)","","8423762931"
"344M16OZKHEKN0WPSSBLTVJ1637NEK","36R4ILE2G93499ITDY6UQ90TUNEFHB","How does information change thinking?","Unlike machines, people are really good at incorporating new information and adapting their thinking. You'll answer a couple of basic questions, read brief write-ups (5-6 paragraphs), and then be asked to write short responses.","stories, analogies, short answer responses,","$2.00","Wed Dec 20 20:50:47 PST 2017","100","BatchId:3058260;OriginalHitTemplateId:920937340;","28800","259200","Fri Dec 22 20:50:47 PST 2017","","","3M1CVSFP6045M4PZIH6HPQK2G1WQAN","A3963FCT1PKKOH","Rejected","Wed Dec 20 20:54:31 PST 2017","Wed Dec 20 20:56:44 PST 2017","Sat Dec 23 20:56:44 PST 2017","","Fri Dec 22 11:07:22 PST 2017","Did not provide four sentences for both responses.","133","0% (0/1)","0% (0/0)","0% (0/0)","","4728675289"
"344M16OZKHEKN0WPSSBLTVJ1637NEK","36R4ILE2G93499ITDY6UQ90TUNEFHB","How does information change thinking?","Unlike machines, people are really good at incorporating new information and adapting their thinking. You'll answer a couple of basic questions, read brief write-ups (5-6 paragraphs), and then be asked to write short responses.","stories, analogies, short answer responses,","$2.00","Wed Dec 20 20:50:47 PST 2017","100","BatchId:3058260;OriginalHitTemplateId:920937340;","28800","259200","Fri Dec 22 20:50:47 PST 2017","","","3WMOAN2SRBW4BVF5DK5WHJ3AW0BVN7","A39Q4SNT7SRK94","Approved","Wed Dec 20 21:12:15 PST 2017","Wed Dec 20 23:27:37 PST 2017","Sat Dec 23 23:27:37 PST 2017","Fri Dec 22 19:17:30 PST 2017","","","8122","100% (1/1)","0% (0/0)","0% (0/0)","","9816314373"
"344M16OZKHEKN0WPSSBLTVJ1637NEK","36R4ILE2G93499ITDY6UQ90TUNEFHB","How does information change thinking?","Unlike machines, people are really good at incorporating new information and adapting their thinking. You'll answer a couple of basic questions, read brief write-ups (5-6 paragraphs), and then be asked to write short responses.","stories, analogies, short answer responses,","$2.00","Wed Dec 20 20:50:47 PST 2017","100","BatchId:3058260;OriginalHitTemplateId:920937340;","28800","259200","Fri Dec 22 20:50:47 PST 2017","","","3R6BYFZZP7BKRS7JFBN1XZRMAKWXF4","A3B10V54D2IDGB","Approved","Wed Dec 20 20:52:40 PST 2017","Wed Dec 20 21:01:23 PST 2017","Sat Dec 23 21:01:23 PST 2017","Fri Dec 22 19:17:28 PST 2017","","","523","100% (1/1)","0% (0/0)","0% (0/0)","","9463004539"
"344M16OZKHEKN0WPSSBLTVJ1637NEK","36R4ILE2G93499ITDY6UQ90TUNEFHB","How does information change thinking?","Unlike machines, people are really good at incorporating new information and adapting their thinking. You'll answer a couple of basic questions, read brief write-ups (5-6 paragraphs), and then be asked to write short responses.","stories, analogies, short answer responses,","$2.00","Wed Dec 20 20:50:47 PST 2017","100","BatchId:3058260;OriginalHitTemplateId:920937340;","28800","259200","Fri Dec 22 20:50:47 PST 2017","","","3CN4LGXD5XNZTH040QDKP914N2R4Y7","A3B7TNVOISSZ2O","Approved","Thu Dec 21 11:56:32 PST 2017","Thu Dec 21 12:33:34 PST 2017","Sun Dec 24 12:33:34 PST 2017","Fri Dec 22 19:17:24 PST 2017","","","2222","100% (1/1)","0% (0/0)","0% (0/0)","","6892154794"
"344M16OZKHEKN0WPSSBLTVJ1637NEK","36R4ILE2G93499ITDY6UQ90TUNEFHB","How does information change thinking?","Unlike machines, people are really good at incorporating new information and adapting their thinking. You'll answer a couple of basic questions, read brief write-ups (5-6 paragraphs), and then be asked to write short responses.","stories, analogies, short answer responses,","$2.00","Wed Dec 20 20:50:47 PST 2017","100","BatchId:3058260;OriginalHitTemplateId:920937340;","28800","259200","Fri Dec 22 20:50:47 PST 2017","","","3OLF68YTN908VFZQ41VNDRGO9ZOAFE","A3CXK1KSRGU27V","Approved","Wed Dec 20 20:58:11 PST 2017","Wed Dec 20 21:15:32 PST 2017","Sat Dec 23 21:15:32 PST 2017","Fri Dec 22 19:17:28 PST 2017","","","1041","100% (1/1)","0% (0/0)","0% (0/0)","","5561083932"
"344M16OZKHEKN0WPSSBLTVJ1637NEK","36R4ILE2G93499ITDY6UQ90TUNEFHB","How does information change thinking?","Unlike machines, people are really good at incorporating new information and adapting their thinking. You'll answer a couple of basic questions, read brief write-ups (5-6 paragraphs), and then be asked to write short responses.","stories, analogies, short answer responses,","$2.00","Wed Dec 20 20:50:47 PST 2017","100","BatchId:3058260;OriginalHitTemplateId:920937340;","28800","259200","Fri Dec 22 20:50:47 PST 2017","","","34T446B1C0D5RQHYLX8TGFJ830K0C2","A3DFMWYTKJ57L","Approved","Wed Dec 20 20:54:20 PST 2017","Wed Dec 20 21:06:01 PST 2017","Sat Dec 23 21:06:01 PST 2017","Fri Dec 22 19:17:22 PST 2017","","","701","100% (1/1)","0% (0/0)","0% (0/0)","","7792949397"
"344M16OZKHEKN0WPSSBLTVJ1637NEK","36R4ILE2G93499ITDY6UQ90TUNEFHB","How does information change thinking?","Unlike machines, people are really good at incorporating new information and adapting their thinking. You'll answer a couple of basic questions, read brief write-ups (5-6 paragraphs), and then be asked to write short responses.","stories, analogies, short answer responses,","$2.00","Wed Dec 20 20:50:47 PST 2017","100","BatchId:3058260;OriginalHitTemplateId:920937340;","28800","259200","Fri Dec 22 20:50:47 PST 2017","","","34QN5IT0TZQ3FNRL4LSOETNPD9Z08W","A3E64SP5MLMQ4X","Approved","Wed Dec 20 20:54:04 PST 2017","Wed Dec 20 21:00:28 PST 2017","Sat Dec 23 21:00:28 PST 2017","Fri Dec 22 19:17:22 PST 2017","","","384","100% (1/1)","0% (0/0)","0% (0/0)","","9203396625"
"344M16OZKHEKN0WPSSBLTVJ1637NEK","36R4ILE2G93499ITDY6UQ90TUNEFHB","How does information change thinking?","Unlike machines, people are really good at incorporating new information and adapting their thinking. You'll answer a couple of basic questions, read brief write-ups (5-6 paragraphs), and then be asked to write short responses.","stories, analogies, short answer responses,","$2.00","Wed Dec 20 20:50:47 PST 2017","100","BatchId:3058260;OriginalHitTemplateId:920937340;","28800","259200","Fri Dec 22 20:50:47 PST 2017","","","336KAV9KYQRPQ3LHWCUWWU463MM2YW","A3EAUAU8V3B5S7","Approved","Wed Dec 20 20:54:36 PST 2017","Wed Dec 20 21:02:10 PST 2017","Sat Dec 23 21:02:10 PST 2017","Fri Dec 22 19:17:21 PST 2017","","","454","100% (1/1)","0% (0/0)","0% (0/0)","","6820910200"
"344M16OZKHEKN0WPSSBLTVJ1637NEK","36R4ILE2G93499ITDY6UQ90TUNEFHB","How does information change thinking?","Unlike machines, people are really good at incorporating new information and adapting their thinking. You'll answer a couple of basic questions, read brief write-ups (5-6 paragraphs), and then be asked to write short responses.","stories, analogies, short answer responses,","$2.00","Wed Dec 20 20:50:47 PST 2017","100","BatchId:3058260;OriginalHitTemplateId:920937340;","28800","259200","Fri Dec 22 20:50:47 PST 2017","","","3DPNQGW4LLEXAXQYU7IS6IHBOQP46U","A3EBUBRYCKB6AF","Approved","Wed Dec 20 21:00:55 PST 2017","Wed Dec 20 21:45:03 PST 2017","Sat Dec 23 21:45:03 PST 2017","Fri Dec 22 19:17:24 PST 2017","","","2648","100% (1/1)","0% (0/0)","0% (0/0)","","7855297676"
"344M16OZKHEKN0WPSSBLTVJ1637NEK","36R4ILE2G93499ITDY6UQ90TUNEFHB","How does information change thinking?","Unlike machines, people are really good at incorporating new information and adapting their thinking. You'll answer a couple of basic questions, read brief write-ups (5-6 paragraphs), and then be asked to write short responses.","stories, analogies, short answer responses,","$2.00","Wed Dec 20 20:50:47 PST 2017","100","BatchId:3058260;OriginalHitTemplateId:920937340;","28800","259200","Fri Dec 22 20:50:47 PST 2017","","","39U1BHVTDLQIUZI6Q6L27NHJUZO3T5","A3F7TD3W9043EO","Approved","Thu Dec 21 05:21:01 PST 2017","Thu Dec 21 05:36:05 PST 2017","Sun Dec 24 05:36:05 PST 2017","Fri Dec 22 19:17:23 PST 2017","","","904","100% (1/1)","0% (0/0)","0% (0/0)","","9517992502"
"344M16OZKHEKN0WPSSBLTVJ1637NEK","36R4ILE2G93499ITDY6UQ90TUNEFHB","How does information change thinking?","Unlike machines, people are really good at incorporating new information and adapting their thinking. You'll answer a couple of basic questions, read brief write-ups (5-6 paragraphs), and then be asked to write short responses.","stories, analogies, short answer responses,","$2.00","Wed Dec 20 20:50:47 PST 2017","100","BatchId:3058260;OriginalHitTemplateId:920937340;","28800","259200","Fri Dec 22 20:50:47 PST 2017","","","3BV8HQ2ZZW0CCM6F38SJJL3BG0LA6B","A3FGT6EU39C6S4","Approved","Wed Dec 20 21:42:45 PST 2017","Wed Dec 20 22:01:21 PST 2017","Sat Dec 23 22:01:21 PST 2017","Fri Dec 22 19:17:24 PST 2017","","","1116","100% (1/1)","0% (0/0)","0% (0/0)","","994950691"
"344M16OZKHEKN0WPSSBLTVJ1637NEK","36R4ILE2G93499ITDY6UQ90TUNEFHB","How does information change thinking?","Unlike machines, people are really good at incorporating new information and adapting their thinking. You'll answer a couple of basic questions, read brief write-ups (5-6 paragraphs), and then be asked to write short responses.","stories, analogies, short answer responses,","$2.00","Wed Dec 20 20:50:47 PST 2017","100","BatchId:3058260;OriginalHitTemplateId:920937340;","28800","259200","Fri Dec 22 20:50:47 PST 2017","","","3YOH7BII09633PU2G7DGPRM6255KVQ","A3HW4QDJB63OQ2","Approved","Wed Dec 20 20:53:51 PST 2017","Wed Dec 20 21:08:52 PST 2017","Sat Dec 23 21:08:52 PST 2017","Fri Dec 22 19:17:30 PST 2017","","","901","100% (1/1)","0% (0/0)","0% (0/0)","","2395713953"
"344M16OZKHEKN0WPSSBLTVJ1637NEK","36R4ILE2G93499ITDY6UQ90TUNEFHB","How does information change thinking?","Unlike machines, people are really good at incorporating new information and adapting their thinking. You'll answer a couple of basic questions, read brief write-ups (5-6 paragraphs), and then be asked to write short responses.","stories, analogies, short answer responses,","$2.00","Wed Dec 20 20:50:47 PST 2017","100","BatchId:3058260;OriginalHitTemplateId:920937340;","28800","259200","Fri Dec 22 20:50:47 PST 2017","","","3R8YZBNQ9HHN32R1BEUXFZICFTQQ7W","A3LCEY5GTKQQHM","Approved","Wed Dec 20 20:54:04 PST 2017","Wed Dec 20 21:03:13 PST 2017","Sat Dec 23 21:03:13 PST 2017","Fri Dec 22 19:17:28 PST 2017","","","549","100% (1/1)","0% (0/0)","0% (0/0)","","2845981223"
"344M16OZKHEKN0WPSSBLTVJ1637NEK","36R4ILE2G93499ITDY6UQ90TUNEFHB","How does information change thinking?","Unlike machines, people are really good at incorporating new information and adapting their thinking. You'll answer a couple of basic questions, read brief write-ups (5-6 paragraphs), and then be asked to write short responses.","stories, analogies, short answer responses,","$2.00","Wed Dec 20 20:50:47 PST 2017","100","BatchId:3058260;OriginalHitTemplateId:920937340;","28800","259200","Fri Dec 22 20:50:47 PST 2017","","","339ANSOTR51YHJA2H0EXA2WCU39KIT","A3LT7W355XOAKF","Approved","Wed Dec 20 20:52:45 PST 2017","Wed Dec 20 21:37:39 PST 2017","Sat Dec 23 21:37:39 PST 2017","Fri Dec 22 19:17:21 PST 2017","","","2694","100% (1/1)","0% (0/0)","0% (0/0)","","5995920714"
"344M16OZKHEKN0WPSSBLTVJ1637NEK","36R4ILE2G93499ITDY6UQ90TUNEFHB","How does information change thinking?","Unlike machines, people are really good at incorporating new information and adapting their thinking. You'll answer a couple of basic questions, read brief write-ups (5-6 paragraphs), and then be asked to write short responses.","stories, analogies, short answer responses,","$2.00","Wed Dec 20 20:50:47 PST 2017","100","BatchId:3058260;OriginalHitTemplateId:920937340;","28800","259200","Fri Dec 22 20:50:47 PST 2017","","","39ASUFLU6X6SLE7NK03VFH6MYJHXEM","A3MD34XEB4H6JF","Approved","Wed Dec 20 20:52:40 PST 2017","Wed Dec 20 21:55:30 PST 2017","Sat Dec 23 21:55:30 PST 2017","Fri Dec 22 19:17:23 PST 2017","","","3770","100% (1/1)","0% (0/0)","0% (0/0)","","750437858"
"344M16OZKHEKN0WPSSBLTVJ1637NEK","36R4ILE2G93499ITDY6UQ90TUNEFHB","How does information change thinking?","Unlike machines, people are really good at incorporating new information and adapting their thinking. You'll answer a couple of basic questions, read brief write-ups (5-6 paragraphs), and then be asked to write short responses.","stories, analogies, short answer responses,","$2.00","Wed Dec 20 20:50:47 PST 2017","100","BatchId:3058260;OriginalHitTemplateId:920937340;","28800","259200","Fri Dec 22 20:50:47 PST 2017","","","3N4BPTXIO8R3QA52BH3BT5KNOYXKU2","A3QEVFM3UD67BA","Approved","Wed Dec 20 21:06:31 PST 2017","Wed Dec 20 21:22:30 PST 2017","Sat Dec 23 21:22:30 PST 2017","Fri Dec 22 19:17:27 PST 2017","","","959","100% (1/1)","0% (0/0)","0% (0/0)","","2063131509"
"344M16OZKHEKN0WPSSBLTVJ1637NEK","36R4ILE2G93499ITDY6UQ90TUNEFHB","How does information change thinking?","Unlike machines, people are really good at incorporating new information and adapting their thinking. You'll answer a couple of basic questions, read brief write-ups (5-6 paragraphs), and then be asked to write short responses.","stories, analogies, short answer responses,","$2.00","Wed Dec 20 20:50:47 PST 2017","100","BatchId:3058260;OriginalHitTemplateId:920937340;","28800","259200","Fri Dec 22 20:50:47 PST 2017","","","3WLEIWSYHOG348VSMCQ8AU93DQ92HX","A3S0INU046UTYK","Approved","Wed Dec 20 20:53:21 PST 2017","Wed Dec 20 23:25:22 PST 2017","Sat Dec 23 23:25:22 PST 2017","Fri Dec 22 19:17:30 PST 2017","","","9121","100% (1/1)","0% (0/0)","0% (0/0)","","5900213513"
"344M16OZKHEKN0WPSSBLTVJ1637NEK","36R4ILE2G93499ITDY6UQ90TUNEFHB","How does information change thinking?","Unlike machines, people are really good at incorporating new information and adapting their thinking. You'll answer a couple of basic questions, read brief write-ups (5-6 paragraphs), and then be asked to write short responses.","stories, analogies, short answer responses,","$2.00","Wed Dec 20 20:50:47 PST 2017","100","BatchId:3058260;OriginalHitTemplateId:920937340;","28800","259200","Fri Dec 22 20:50:47 PST 2017","","","3G0WWMR1UVJC6NJORLBMBW42F8VNQ4","A3U21PUMQ6NGT2","Approved","Wed Dec 20 20:54:17 PST 2017","Wed Dec 20 21:12:07 PST 2017","Sat Dec 23 21:12:07 PST 2017","Fri Dec 22 19:17:25 PST 2017","","","1070","100% (1/1)","0% (0/0)","0% (0/0)","","5830973987"
"344M16OZKHEKN0WPSSBLTVJ1637NEK","36R4ILE2G93499ITDY6UQ90TUNEFHB","How does information change thinking?","Unlike machines, people are really good at incorporating new information and adapting their thinking. You'll answer a couple of basic questions, read brief write-ups (5-6 paragraphs), and then be asked to write short responses.","stories, analogies, short answer responses,","$2.00","Wed Dec 20 20:50:47 PST 2017","100","BatchId:3058260;OriginalHitTemplateId:920937340;","28800","259200","Fri Dec 22 20:50:47 PST 2017","","","3X73LLYYQ1DZTUKL8VOS2IC1OMJNHU","A3VIQ9XPOYB8K6","Approved","Thu Dec 21 04:53:38 PST 2017","Thu Dec 21 05:58:10 PST 2017","Sun Dec 24 05:58:10 PST 2017","Fri Dec 22 19:17:30 PST 2017","","","3872","100% (1/1)","0% (0/0)","0% (0/0)","","7578176972"
"344M16OZKHEKN0WPSSBLTVJ1637NEK","36R4ILE2G93499ITDY6UQ90TUNEFHB","How does information change thinking?","Unlike machines, people are really good at incorporating new information and adapting their thinking. You'll answer a couple of basic questions, read brief write-ups (5-6 paragraphs), and then be asked to write short responses.","stories, analogies, short answer responses,","$2.00","Wed Dec 20 20:50:47 PST 2017","100","BatchId:3058260;OriginalHitTemplateId:920937340;","28800","259200","Fri Dec 22 20:50:47 PST 2017","","","3B837J3LDOV9Y1QTCWH8FGODYT5SRM","A4IH4CO046EV3","Approved","Thu Dec 21 04:54:12 PST 2017","Thu Dec 21 05:05:48 PST 2017","Sun Dec 24 05:05:48 PST 2017","Fri Dec 22 19:17:24 PST 2017","","","696","100% (1/1)","0% (0/0)","0% (0/0)","","6084722620"
"344M16OZKHEKN0WPSSBLTVJ1637NEK","36R4ILE2G93499ITDY6UQ90TUNEFHB","How does information change thinking?","Unlike machines, people are really good at incorporating new information and adapting their thinking. You'll answer a couple of basic questions, read brief write-ups (5-6 paragraphs), and then be asked to write short responses.","stories, analogies, short answer responses,","$2.00","Wed Dec 20 20:50:47 PST 2017","100","BatchId:3058260;OriginalHitTemplateId:920937340;","28800","259200","Fri Dec 22 20:50:47 PST 2017","","","33M4IA01QG0HUICS66NVEO55D87XRZ","A4PFM9Z80RXUY","Approved","Wed Dec 20 20:53:29 PST 2017","Wed Dec 20 21:05:00 PST 2017","Sat Dec 23 21:05:00 PST 2017","Fri Dec 22 19:17:22 PST 2017","","","691","100% (1/1)","0% (0/0)","0% (0/0)","","4884745199"
"344M16OZKHEKN0WPSSBLTVJ1637NEK","36R4ILE2G93499ITDY6UQ90TUNEFHB","How does information change thinking?","Unlike machines, people are really good at incorporating new information and adapting their thinking. You'll answer a couple of basic questions, read brief write-ups (5-6 paragraphs), and then be asked to write short responses.","stories, analogies, short answer responses,","$2.00","Wed Dec 20 20:50:47 PST 2017","100","BatchId:3058260;OriginalHitTemplateId:920937340;","28800","259200","Fri Dec 22 20:50:47 PST 2017","","","3J88R45B2GXWI5WDTEJ69T5QCQJXP7","A7KLTVEIASF4J","Rejected","Wed Dec 20 20:53:17 PST 2017","Wed Dec 20 20:54:10 PST 2017","Sat Dec 23 20:54:10 PST 2017","","Fri Dec 22 10:27:30 PST 2017","Did not provide four sentences for each question.","53","0% (0/1)","0% (0/0)","0% (0/0)","","4804709590"
"344M16OZKHEKN0WPSSBLTVJ1637NEK","36R4ILE2G93499ITDY6UQ90TUNEFHB","How does information change thinking?","Unlike machines, people are really good at incorporating new information and adapting their thinking. You'll answer a couple of basic questions, read brief write-ups (5-6 paragraphs), and then be asked to write short responses.","stories, analogies, short answer responses,","$2.00","Wed Dec 20 20:50:47 PST 2017","100","BatchId:3058260;OriginalHitTemplateId:920937340;","28800","259200","Fri Dec 22 20:50:47 PST 2017","","","3WEV0KO0OMRFXR7OUVMOAR79JSESDG","A94DL4GI8ZBUO","Approved","Wed Dec 20 20:52:41 PST 2017","Wed Dec 20 21:04:07 PST 2017","Sat Dec 23 21:04:07 PST 2017","Fri Dec 22 19:17:30 PST 2017","","","686","100% (1/1)","0% (0/0)","0% (0/0)","","8273587520"
"344M16OZKHEKN0WPSSBLTVJ1637NEK","36R4ILE2G93499ITDY6UQ90TUNEFHB","How does information change thinking?","Unlike machines, people are really good at incorporating new information and adapting their thinking. You'll answer a couple of basic questions, read brief write-ups (5-6 paragraphs), and then be asked to write short responses.","stories, analogies, short answer responses,","$2.00","Wed Dec 20 20:50:47 PST 2017","100","BatchId:3058260;OriginalHitTemplateId:920937340;","28800","259200","Fri Dec 22 20:50:47 PST 2017","","","36TFCYNS44945OYPA1B10K3ZQ20XHZ","ACCXC5V05C9R9","Approved","Thu Dec 21 12:58:33 PST 2017","Thu Dec 21 13:21:08 PST 2017","Sun Dec 24 13:21:08 PST 2017","Fri Dec 22 19:17:23 PST 2017","","","1355","100% (1/1)","0% (0/0)","0% (0/0)","","1884991289"
"344M16OZKHEKN0WPSSBLTVJ1637NEK","36R4ILE2G93499ITDY6UQ90TUNEFHB","How does information change thinking?","Unlike machines, people are really good at incorporating new information and adapting their thinking. You'll answer a couple of basic questions, read brief write-ups (5-6 paragraphs), and then be asked to write short responses.","stories, analogies, short answer responses,","$2.00","Wed Dec 20 20:50:47 PST 2017","100","BatchId:3058260;OriginalHitTemplateId:920937340;","28800","259200","Fri Dec 22 20:50:47 PST 2017","","","3HMVI3QICJRI1I3LD8UIRBU1BG7Y1A","ADEYYZ7PW5HEW","Approved","Wed Dec 20 20:54:13 PST 2017","Wed Dec 20 21:04:55 PST 2017","Sat Dec 23 21:04:55 PST 2017","Fri Dec 22 19:17:25 PST 2017","","","642","100% (1/1)","0% (0/0)","0% (0/0)","","9878548006"
"344M16OZKHEKN0WPSSBLTVJ1637NEK","36R4ILE2G93499ITDY6UQ90TUNEFHB","How does information change thinking?","Unlike machines, people are really good at incorporating new information and adapting their thinking. You'll answer a couple of basic questions, read brief write-ups (5-6 paragraphs), and then be asked to write short responses.","stories, analogies, short answer responses,","$2.00","Wed Dec 20 20:50:47 PST 2017","100","BatchId:3058260;OriginalHitTemplateId:920937340;","28800","259200","Fri Dec 22 20:50:47 PST 2017","","","3K5TEWLKGVACXU4EG4S4CB7TA1VVI5","ADIXVUPICNIY4","Approved","Thu Dec 21 02:24:53 PST 2017","Thu Dec 21 03:33:30 PST 2017","Sun Dec 24 03:33:30 PST 2017","Fri Dec 22 19:17:27 PST 2017","","","4117","100% (1/1)","0% (0/0)","0% (0/0)","","1904409704"
"344M16OZKHEKN0WPSSBLTVJ1637NEK","36R4ILE2G93499ITDY6UQ90TUNEFHB","How does information change thinking?","Unlike machines, people are really good at incorporating new information and adapting their thinking. You'll answer a couple of basic questions, read brief write-ups (5-6 paragraphs), and then be asked to write short responses.","stories, analogies, short answer responses,","$2.00","Wed Dec 20 20:50:47 PST 2017","100","BatchId:3058260;OriginalHitTemplateId:920937340;","28800","259200","Fri Dec 22 20:50:47 PST 2017","","","3I2PTA7R3TTBYHYLU8J6J4NYLDQKQW","AEF94JKX6FG92","Approved","Wed Dec 20 20:53:25 PST 2017","Wed Dec 20 21:05:52 PST 2017","Sat Dec 23 21:05:52 PST 2017","Fri Dec 22 19:17:26 PST 2017","","","747","100% (1/1)","0% (0/0)","0% (0/0)","true","1658539841"
"344M16OZKHEKN0WPSSBLTVJ1637NEK","36R4ILE2G93499ITDY6UQ90TUNEFHB","How does information change thinking?","Unlike machines, people are really good at incorporating new information and adapting their thinking. You'll answer a couple of basic questions, read brief write-ups (5-6 paragraphs), and then be asked to write short responses.","stories, analogies, short answer responses,","$2.00","Wed Dec 20 20:50:47 PST 2017","100","BatchId:3058260;OriginalHitTemplateId:920937340;","28800","259200","Fri Dec 22 20:50:47 PST 2017","","","3UOUJI6MTDD9AA49A0I0JZSPK7BUX0","AFQKLIYNCVZTL","Approved","Wed Dec 20 20:53:29 PST 2017","Wed Dec 20 21:00:53 PST 2017","Sat Dec 23 21:00:53 PST 2017","Fri Dec 22 19:17:29 PST 2017","","","444","100% (1/1)","0% (0/0)","0% (0/0)","","4399303053"
"344M16OZKHEKN0WPSSBLTVJ1637NEK","36R4ILE2G93499ITDY6UQ90TUNEFHB","How does information change thinking?","Unlike machines, people are really good at incorporating new information and adapting their thinking. You'll answer a couple of basic questions, read brief write-ups (5-6 paragraphs), and then be asked to write short responses.","stories, analogies, short answer responses,","$2.00","Wed Dec 20 20:50:47 PST 2017","100","BatchId:3058260;OriginalHitTemplateId:920937340;","28800","259200","Fri Dec 22 20:50:47 PST 2017","","","30OG32W0SUAN9KTJIUGMHFFOW57NES","AIZTLQM7HHQN6","Approved","Wed Dec 20 20:55:47 PST 2017","Wed Dec 20 21:13:20 PST 2017","Sat Dec 23 21:13:20 PST 2017","Fri Dec 22 19:17:20 PST 2017","","","1053","100% (1/1)","0% (0/0)","0% (0/0)","","2166907512"
"344M16OZKHEKN0WPSSBLTVJ1637NEK","36R4ILE2G93499ITDY6UQ90TUNEFHB","How does information change thinking?","Unlike machines, people are really good at incorporating new information and adapting their thinking. You'll answer a couple of basic questions, read brief write-ups (5-6 paragraphs), and then be asked to write short responses.","stories, analogies, short answer responses,","$2.00","Wed Dec 20 20:50:47 PST 2017","100","BatchId:3058260;OriginalHitTemplateId:920937340;","28800","259200","Fri Dec 22 20:50:47 PST 2017","","","3FTOP5WARFNSZ4N4VPPF3JW3TKT0JG","AJ92HAKEZ0RXB","Approved","Wed Dec 20 20:55:32 PST 2017","Wed Dec 20 21:14:56 PST 2017","Sat Dec 23 21:14:56 PST 2017","Fri Dec 22 19:17:25 PST 2017","","","1164","100% (1/1)","0% (0/0)","0% (0/0)","","5356957665"
"344M16OZKHEKN0WPSSBLTVJ1637NEK","36R4ILE2G93499ITDY6UQ90TUNEFHB","How does information change thinking?","Unlike machines, people are really good at incorporating new information and adapting their thinking. You'll answer a couple of basic questions, read brief write-ups (5-6 paragraphs), and then be asked to write short responses.","stories, analogies, short answer responses,","$2.00","Wed Dec 20 20:50:47 PST 2017","100","BatchId:3058260;OriginalHitTemplateId:920937340;","28800","259200","Fri Dec 22 20:50:47 PST 2017","","","33TIN5LC0490QN6GHL9B6HCK9SWY9K","ANK8K5WTHJ61C","Approved","Wed Dec 20 21:10:42 PST 2017","Wed Dec 20 21:27:43 PST 2017","Sat Dec 23 21:27:43 PST 2017","Fri Dec 22 19:17:22 PST 2017","","","1021","100% (1/1)","0% (0/0)","0% (0/0)","","7076792484"
"344M16OZKHEKN0WPSSBLTVJ1637NEK","36R4ILE2G93499ITDY6UQ90TUNEFHB","How does information change thinking?","Unlike machines, people are really good at incorporating new information and adapting their thinking. You'll answer a couple of basic questions, read brief write-ups (5-6 paragraphs), and then be asked to write short responses.","stories, analogies, short answer responses,","$2.00","Wed Dec 20 20:50:47 PST 2017","100","BatchId:3058260;OriginalHitTemplateId:920937340;","28800","259200","Fri Dec 22 20:50:47 PST 2017","","","3V0Z7YWSIYZ8M9QCR17CPV0CL5JV2F","AO1QGAUZ85T6L","Approved","Wed Dec 20 20:54:06 PST 2017","Wed Dec 20 21:11:12 PST 2017","Sat Dec 23 21:11:12 PST 2017","Fri Dec 22 19:17:29 PST 2017","","","1026","100% (1/1)","0% (0/0)","0% (0/0)","","2875769981"
"344M16OZKHEKN0WPSSBLTVJ1637NEK","36R4ILE2G93499ITDY6UQ90TUNEFHB","How does information change thinking?","Unlike machines, people are really good at incorporating new information and adapting their thinking. You'll answer a couple of basic questions, read brief write-ups (5-6 paragraphs), and then be asked to write short responses.","stories, analogies, short answer responses,","$2.00","Wed Dec 20 20:50:47 PST 2017","100","BatchId:3058260;OriginalHitTemplateId:920937340;","28800","259200","Fri Dec 22 20:50:47 PST 2017","","","3RU7GD8VPOSOMOAEZ4DJALOYXBHPSR","AR22D9E55HQBF","Approved","Wed Dec 20 20:52:44 PST 2017","Wed Dec 20 20:57:35 PST 2017","Sat Dec 23 20:57:35 PST 2017","Fri Dec 22 19:17:29 PST 2017","","","291","100% (1/1)","0% (0/0)","0% (0/0)","","4079145388"
"344M16OZKHEKN0WPSSBLTVJ1637NEK","36R4ILE2G93499ITDY6UQ90TUNEFHB","How does information change thinking?","Unlike machines, people are really good at incorporating new information and adapting their thinking. You'll answer a couple of basic questions, read brief write-ups (5-6 paragraphs), and then be asked to write short responses.","stories, analogies, short answer responses,","$2.00","Wed Dec 20 20:50:47 PST 2017","100","BatchId:3058260;OriginalHitTemplateId:920937340;","28800","259200","Fri Dec 22 20:50:47 PST 2017","","","3V5Q80FXIXQOA0OT7R16608TULR32R","AT3C00TKZK13L","Approved","Wed Dec 20 20:55:24 PST 2017","Wed Dec 20 21:02:18 PST 2017","Sat Dec 23 21:02:18 PST 2017","Fri Dec 22 19:17:29 PST 2017","","","414","100% (1/1)","0% (0/0)","0% (0/0)","","4588848203"
"344M16OZKHEKN0WPSSBLTVJ1637NEK","36R4ILE2G93499ITDY6UQ90TUNEFHB","How does information change thinking?","Unlike machines, people are really good at incorporating new information and adapting their thinking. You'll answer a couple of basic questions, read brief write-ups (5-6 paragraphs), and then be asked to write short responses.","stories, analogies, short answer responses,","$2.00","Wed Dec 20 20:50:47 PST 2017","100","BatchId:3058260;OriginalHitTemplateId:920937340;","28800","259200","Fri Dec 22 20:50:47 PST 2017","","","3OCHAWUVGOJV7EZXGMEYDCJRIGDKXT","ATBIPUCO3EKS6","Approved","Wed Dec 20 20:54:00 PST 2017","Wed Dec 20 21:02:54 PST 2017","Sat Dec 23 21:02:54 PST 2017","Fri Dec 22 19:17:28 PST 2017","","","534","100% (1/1)","0% (0/0)","0% (0/0)","","6256063301"
"344M16OZKHEKN0WPSSBLTVJ1637NEK","36R4ILE2G93499ITDY6UQ90TUNEFHB","How does information change thinking?","Unlike machines, people are really good at incorporating new information and adapting their thinking. You'll answer a couple of basic questions, read brief write-ups (5-6 paragraphs), and then be asked to write short responses.","stories, analogies, short answer responses,","$2.00","Wed Dec 20 20:50:47 PST 2017","100","BatchId:3058260;OriginalHitTemplateId:920937340;","28800","259200","Fri Dec 22 20:50:47 PST 2017","","","32AT8R96GL81ETIAGQCDKRBX5S9USS","AW06DHUMM00YZ","Approved","Wed Dec 20 20:53:24 PST 2017","Wed Dec 20 20:58:31 PST 2017","Sat Dec 23 20:58:31 PST 2017","Fri Dec 22 19:17:21 PST 2017","","","307","100% (1/1)","0% (0/0)","0% (0/0)","","358423250"
"344M16OZKHEKN0WPSSBLTVJ1637NEK","36R4ILE2G93499ITDY6UQ90TUNEFHB","How does information change thinking?","Unlike machines, people are really good at incorporating new information and adapting their thinking. You'll answer a couple of basic questions, read brief write-ups (5-6 paragraphs), and then be asked to write short responses.","stories, analogies, short answer responses,","$2.00","Wed Dec 20 20:50:47 PST 2017","100","BatchId:3058260;OriginalHitTemplateId:920937340;","28800","259200","Fri Dec 22 20:50:47 PST 2017","","","3AUQQEL7U5S1QZNYCE3Y677XO7ZV0V","AWAW665TQQP2F","Approved","Wed Dec 20 20:53:45 PST 2017","Wed Dec 20 20:57:36 PST 2017","Sat Dec 23 20:57:36 PST 2017","Fri Dec 22 19:17:23 PST 2017","","","231","100% (1/1)","0% (0/0)","0% (0/0)","","8307422781"